wantedAuthNo,lang,항목,한국어질문,모국어질문,확인이유,위험도,error
1409718,zh,실근로시간_미기재,소정근로시간은 몇 시간입니까?,约定工作时间(소정근로시간)是几小时？,招聘内容里没有写明工作时间，入职前需要先确认。,보통,
1409718,zh,사회보험_미기재,4대보험 가입이 됩니까?,可以加入四大保险(4대보험)吗？,招聘内容里没有写明是否提供社会保险，所以需要提前确认。,높음,
K180212607230048,zh,사회보험_미기재,4대보험 가입이 됩니까?,请问可以加入四大保险(4대보험)吗？,招聘信息里没有写是否提供社会保险，这会影响实际到手工资和保障。,높음,
K180212607230048,zh,기타,입사 시 배치전 특수건강검진 비용은 본인 부담이 맞습니까?,请问入职时岗前特殊健康检查的费用需要本人承担吗？,招聘信息写了费用由本人承担，最好在应聘前再次确认是否需要自己支付。,높음,
K180212607230048,zh,기타,근로계약은 3개월 계약 후에 8개월 추가 계약 여부가 결정됩니까?,请问劳动合同是先签3个月，再决定是否追加8个月合同吗？,招聘信息只写了3个月后可追加8个月，需要确认后续合同是不是之后再决定。,보통,
K130042607150024,zh,사회보험_미기재,사회보험 가입이 가능합니까?,可以加入社会保险吗？,招聘信息里没有写明是否提供社会保险，入职后的实际到手工资和保障范围可能会不同。,높음,
K130042607230001,zh,사회보험_미기재,사회보험 가입이 적용됩니까?,社会保险适用吗？,招聘信息里只写了奖金、补贴和餐费，没有写是否有社会保险。,높음,
K130042607230001,zh,기타,수습 3개월 동안 임금은 최저임금의 90%입니까?,在试用期(수습기간)3个月期间，工资按最低工资(최저임금)的90%发放吗？,招聘信息写了试用3个月和支付最低工资90%，需要先确认试用期间的工资条件。,높음,
K130112607200038,zh,사회보험_미기재,4대보험 가입이 가능합니까?,可以加入四大保险(4대보험)吗？,招聘信息里没有写是否提供社会保险，这会影响实际到手工资和保险待遇。,높음,
K130112607200038,zh,임금_미확정,결정되는 임금은 얼마입니까?,最终确定的工资是多少？,招聘信息只写了工资需要协商后决定，所以需要先确认具体金额。,높음,
KF11272607230002,zh,사회보험_미기재,4대보험에 가입해 주시나요?,请问会为员工缴纳四大保险(4대보험)吗？,招聘信息里没有写是否提供社会保险，所以需要提前确认。,높음,
222179,zh,사회보험_미기재,사회보험이 적용됩니까?,提供社会保险吗？,招聘信息里没有写是否提供社会保险，所以需要先确认。,높음,
222179,zh,임금_미확정,공고에 적힌 '면접 후 결정' 급여는 얼마입니까?,招聘信息里写的面试后决定(면접 후 결정)工资是多少？,招聘信息只写了面试后决定，所以需要先确认具体工资。,높음,
222179,zh,기타,계약직 3개월 후 정규직으로 전환됩니까?,3个月固定期限合同(계약직)后会转为正式员工吗？,招聘信息同时写了正式员工和3个月合同，入职后的雇用方式是否会变化需要先确认。,보통,
KJBI002607290002,zh,사회보험_미기재,4대보험이 적용됩니까?,这份工作适用四大保险吗？,招聘公告中没有写明是否适用四大保险，保险费扣除会影响实际到手工资。,높음,
KJBI002607290002,zh,기타,"채용 시 제 주 소정근로시간, 임금, 근무(예정)지가 공고와 달라질 수 있습니까?",录用后，我的每周约定工作时间(소정근로시간)、工资和工作（预定）地点会与招聘公告不同吗？,公告写明录用后每周约定工作时间、工资或工作地点可能因个人而不同，所以需要先确认自己适用的条件。,높음,
K130042607200074,zh,임금구성_불명확,"시급 13,000원에 포함된 주휴수당 등을 제외한 시급은 얼마입니까?","时薪13,000韩元中，扣除周休津贴(주휴수당)等后，时薪是多少？","招聘信息只写了时薪13,000韩元包含周休津贴等，因此需要确认扣除这些项目后的实际时薪。",높음,
K130042607200074,zh,사회보험_미기재,이 일자리가 사회보험 가입 대상인지 예/아니오로 알려주실 수 있습니까?,这份工作是否属于社会保险参保对象，可以用是或不是告知吗？,招聘信息中没有写社会保险相关内容，所以需要事先确认是否适用。,높음,
K130232607220060,zh,사회보험_미기재,이 채용은 4대보험 가입이 됩니까?,这个岗位可以加入四大保险(4대보험)吗？,招聘内容中没有写明是否提供社会保险，这会影响工伤、失业给付和实际到手工资。,높음,
K130232607280085,zh,연장야간_조건미기재,공고에 적힌 '잔업 9시간 기본'에 대해 연장근로수당이 지급됩니까?,招聘信息里写的“加班9小时为基本”，会支付加班费吗？,招聘信息写了有固定加班，但没有说明是否支付加班费。,높음,
K130232607280085,zh,사회보험_미기재,4대보험 가입이 됩니까?,会参加四大保险吗？,招聘信息里没有写是否提供社会保险，这会影响实际到手收入。,높음,
K130042607210038,zh,사회보험_미기재,사회보험은 가입됩니까?,是否参加社会保险？,招聘信息里没有写社会保险相关内容，所以需要先确认。,높음,
K130042607210038,zh,임금_미확정,급여조건에 적힌 '경력직 차등지급'의 구체적인 급여액은 얼마입니까?,招聘信息中写的“按经验差别 지급”的具体工资金额是多少？,招聘信息只写了“按经验差别 지급”，没有写明确的工资金额，所以需要先确认。,높음,
K130232607240041,zh,수습조건_미기재,3개월 수습기간 동안 임금이 감액되면 감액률은 몇 퍼센트입니까?,3个月试用期(수습기간)期间，如果工资会减少，减额比例是多少？,公告只写了有3个月试用期，但没有写试用期工资是否会减少以及减少多少。,높음,
K130232607240041,zh,사회보험_미기재,4대 보험이 적용됩니까?,适用四大保险吗？,公告里没有写是否提供社会保险，这会影响实际到手工资和就业条件。,높음,
KEC0052607270016,zh,사회보험_미기재,이 일자리는 사회보험 가입 대상입니까?,这份工作属于社会保险参保对象吗？,招聘内容里没有写是否提供社会保险，所以需要先确认。,높음,
K130112607150037,zh,사회보험_미기재,이 채용이 4대보험 가입 대상인지 알려주실 수 있습니까?,请问这个岗位是否属于四大保险(4대보험)参保对象？,招聘内容里没有写社会保险，入职前确认是否参保会更安心。,높음,
K130112607150037,zh,기타,공고의 '기타 본사에서 지시하는 관리업무'가 별도로 정해져 있는지 알려주실 수 있습니까?,请问招聘信息中的“其他由总部指示的管理业务”是否另有明确规定？,公告里写了“其他由总部指示的管理业务”，所以最好先确认这部分工作内容是否有明确范围。,보통,
K130112607160003,zh,사회보험_미기재,4대보험 가입이 되나요?,可以加入四大保险(4대보험)吗？,招聘信息里没有写是否提供社会保险，这会影响实际到手工资和保障。,높음,
KJ20282607280003,zh,임금구성_불명확,"포괄시급 13,000원에서 주휴수당과 연차수당 등 제수당을 빼면 시급은 얼마입니까?","13,000韩元的综合时薪中，扣除周休津贴(주휴수당)和年次津贴等已包含津贴(제수당 포함)后，时薪是多少？","公告只写了13,000韩元的综合时薪，并说明其中已包含多种津贴，所以需要先确认扣除这些项目后的实际时薪。",높음,
KJ20282607280003,zh,연장야간_조건미기재,추가시간이 있으면 그 시간의 임금은 별도로 지급됩니까?,如果有额外工作时间，该时间的工资会另行支付吗？,公告只写了可能有额外时间，但没有写这段时间的工资是否另外计算。,높음,
KJ20282607280003,zh,사회보험_미기재,사회보험은 가입됩니까?,会办理社会保险吗？,公告没有写是否办理社会保险，这会影响实际到手工资和保障。,높음,
KJ20282607280003,zh,기타,임금은 실제 서비스 제공 기간에 대해서만 계산하여 지급됩니까?,工资是否只按实际提供服务的期间来计算并支付？,公告写了按实际提供服务期间计算工资，但没有说明你实际会按什么 기준领工资。,높음,
KJ20282607280003,zh,기타,채용되면 제 주 소정근로시간은 몇 시간입니까?,如果录用，我每周的约定工作时间(소정근로시간)是多少小时？,公告写了每位劳动者的每周约定工作时间、工资或工作地点可能不同，所以需要先确认自己适用的每周工作时间。,높음,
K130052607280017,zh,임금구성_불명확,제시된 임금에 포함된 식대는 얼마입니까?,请问所提示工资中包含的餐费是多少？,招聘信息只写了工资中包含餐费，但没有写明餐费金额。,높음,
K130052607280017,zh,사회보험_미기재,사회보험 가입이 됩니까?,请问可以加入社会保险吗？,招聘信息中没有写明是否提供社会保险。,높음,
K130232607150030,zh,사회보험_미기재,4대보험에 가입됩니까?,是否提供四大保险(4대보험)？,招聘信息中没有写明是否提供社会保险，这会影响实际到手工资和保障。,높음,
K130232607200108,zh,사회보험_미기재,4대보험 가입이 됩니까?,可以加入四大保险(4대보험)吗？,招聘信息里没有写是否提供社会保险，这会影响实际到手工资和相关保障。,높음,
K130232607200108,zh,기타,업무 중 다루는 비닐원단의 무게는 얼마나 됩니까?,工作中要搬运的塑料原布大概有多重？,招聘信息只写了原布重量不轻，最好在应聘前确认实际重量。,보통,
K130042607160016,zh,사회보험_미기재,4대보험 가입이 됩니까?,请问可以加入四大保险(4대보험)吗？,招聘内容里没有写是否提供社会保险，所以需要先确认。,높음,
K130112607280069,zh,사회보험_미기재,이 채용은 4대보험 가입 대상입니까?,这个岗位是否加入四大保险(4대보험)？,公告中没有写明是否提供社会保险，这会影响实际到手工资和保障。,높음,
K130112607280069,zh,기타,제출한 서류는 반환되지 않습니까?,提交的材料不予退还吗？,公告写着提交的材料不退还，申请前最好先确认。,보통,
K130112607210078,zh,임금구성_불명확,'식대 포함' 금액에서 식대는 얼마입니까?,在“含餐补”金额里，餐费是多少？,因为招聘信息只写了“食宿补贴包含在内、奖金另算”，没有说明餐费具体是多少。,높음,
K130112607210078,zh,수습조건_미기재,"수습기간은 몇 개월이고, 수습기간 중 급여는 얼마입니까?",试用期(수습기간)是几个月，试用期间的工资是多少？,因为招聘信息只写了有试用期，没有说明试用期的时长和试用期间的工资。,높음,
K130112607210078,zh,사회보험_미기재,사회보험은 가입됩니까?,可以参加社会保险吗？,因为招聘信息正文没有提到是否提供社会保险。,높음,
K130112607210078,zh,임금_미확정,"공고에 면접 후 급여 조정 가능이라고 되어 있는데, 급여는 얼마입니까?",招聘信息写着工资可在面试后决定(면접 후 결정)，请问工资是多少？,因为招聘信息写了工资可在面试后调整，工资金额还没有确定。,높음,
K130112607240059,zh,사회보험_미기재,4대보험 가입이 됩니까?,请问这个岗位可以加入四大保险(4대보험)吗？,招聘内容没有写是否提供社会保险，是否加入会影响实际到手工资和保障。,높음,
K130052607240009,zh,사회보험_미기재,4대보험 가입이 됩니까?,请问可以参加四大保险(4대보험)吗？,招聘内容里没有写是否提供社会保险，这会影响实际到手工资和相关保障。,높음,
K130052607240009,zh,기타,1개월 후 주5일로 전환되는 것이 확정입니까?,请问1个月后转为每周5天工作是确定的吗？,招聘内容只写了“1个月后预计转为每周5天”，所以需要先确认这是不是已经确定的条件。,높음,
K130112607200033,zh,임금구성_불명확,"시급 13,600원에 포함된 제수당을 제외한 기본 시급은 얼마입니까?","时薪13,600韩元里已包含各项津贴(제수당 포함)的话，除这些津贴外的基本时薪是多少？","招聘信息只写了“时薪13,600韩元（含法定津贴）”，无法确认除津贴外的基本时薪。",높음,
K130112607200033,zh,사회보험_미기재,사회보험 가입이 됩니까?,会参加社会保险吗？,招聘信息只写了其他福利，没有写是否提供社会保险。,높음,
K130112607200033,zh,기타,월 48~60시간(가산시간 포함)에서 가산시간을 제외한 근로시간은 몇 시간입니까?,每月48~60小时（含加算时间）中，除加算时间外的工作时间是多少小时？,招聘信息只写了“每月48~60小时（含加算时间）”，无法确认除加算时间外的实际工作时数。,높음,
K130112607200033,zh,기타,근무 중에 강아지 1마리가 함께 있습니까?,工作时会有1只小狗在旁边吗？,招聘信息只写了“养1只小狗”，需要确认工作时小狗是否会在场。,보통,
KJBM002607280008,zh,연장야간_조건미기재,주말 및 야간운영 보조를 할 때 연장근로수당과 야간근로수당을 별도로 지급하십니까?,在周末及夜间运营辅助工作时，会另外支付延长劳动津贴和夜间劳动津贴吗？,周末和夜间工作是否有额外津贴，会直接影响实际拿到的工资。,높음,
KJBM002607280008,zh,기타,채용기간이 2026. 9. 1.부터 2026. 12. 31.까지입니까?,聘用期间是2026年9月1日至2026年12月31日吗？,公告写了聘用期间，申请前最好先确认合同结束日期。,보통,
KJBM002607280008,zh,기타,월요일부터 토요일 중 실제 근무일이 주5일입니까?,在周一到周六之间，实际工作日是每周5天吗？,公告写的是周一到周六、每周5天，申请前需要确认实际每周工作安排。,보통,
KJBM002607280008,zh,기타,09:00~19:00 시간범위 안에서 실제 출퇴근시간이 탄력적으로 정해집니까?,在09:00~19:00范围内，实际上下班时间会弹性安排吗？,公告只写了在09:00~19:00范围内弹性工作，申请前最好确认实际上下班时间是否固定。,보통,
K130042607230025,zh,사회보험_미기재,4대보험 가입이 됩니까?,这个岗位会加入四大保险(4대보험)吗？,招聘信息里没有写是否提供社会保险，参保与否会影响实际到手工资和基本保障。,높음,
K130042607230025,zh,임금_미확정,2026년 보건복지부 정신건강사업안내(p.168) 및 부산시 인건비 지침에 따른 월 급여는 얼마입니까?,按照“2026年保健福祉部精神健康事业指南(p.168)及釜山市人工费指针)”，月工资是多少？,招聘信息只写了按照指南和指针执行，但没有写出实际工资金额。,높음,
K130042607230025,zh,기타,시설 특성에 따라 변경 가능한 근무시간은 몇 시부터 몇 시까지입니까?,如果因设施特点而变更，工作时间会改成几点到几点？,招聘信息写了工作时间可能变更，但没有说明变更后具体是几点到几点。,보통,
K130042607210030,zh,연장야간_조건미기재,연장근로 또는 야간근로가 있습니까?,这份工作有延长工作或夜间工作吗？,招聘信息只提到“加班压力小”，但没有写明是否存在延长工作或夜间工作，所以需要先确认。,높음,
K130042607210030,zh,사회보험_미기재,4대보험 가입이 됩니까?,这份工作提供四大保险(4대보험)吗？,招聘信息里没有写社会保险相关内容，但这会直接影响实际到手工资和保障。,높음,
K130042607210030,zh,기타,"근무지가 부산, 울산, 포항 등 여러 지역입니까?",工作地点是在釜山、蔚山、浦项等多个地区吗？,招聘信息写了多个城市和医院类型，但没有明确工作地点是否分布在多个地区。,보통,
K130042607210030,zh,기타,업무상 운전이 필요합니까?,这份工作需要因工作而开车吗？,招聘信息只写了“可驾驶者”，但没有明确是否实际需要开车开展工作。,보통,
KJBB002607150005,zh,사회보험_미기재,사회보험 가입이 적용됩니까?,这份工作适用社会保险吗？,招聘内容里没有写是否适用社会保险，所以需要先确认。,보통,
KJBB002607150005,zh,임금_미확정,실제 서비스 제공기간에 따라 계산하여 지급되는 임금은 얼마입니까?,按实际提供服务期间计算并支付的工资是多少？,招聘内容只写了工资会按实际提供服务期间计算支付，但没有写具体金额。,높음,
KJBB002607150005,zh,기타,"채용 시 제 소정근로시간과 임금, 근무(예정)지가 공고 내용과 달라질 수 있습니까?",录用后，我的约定工作时间(소정근로시간)、工资和工作（予定）地点可能与招聘内容不同吗？,招聘内容写明每位劳动者的约定工作时间、工资和工作地点等可能不同，所以需要确认自己适用的条件。,높음,
KJBJ002607210006,zh,사회보험_미기재,4대보험에 가입됩니까?,会参加四大保险(4대보험)吗？,招聘信息里没有写是否加入，所以需要提前确认。,높음,
KJBJ002607210006,zh,임금_미확정,월급 280~350만원 중 입사 시 확정되는 월급은 얼마입니까?,在月工资280万~350万韩元之间，入职时确定的月工资是多少？,招聘信息只写了工资范围，入职时实际确定的金额不明确。,높음,
KJBJ002607210006,zh,기타,배차 시간에 따라 출근시간은 몇 시부터 몇 시까지 달라질 수 있습니까?,根据配车时间，上班时间会在几点到几点之间变动？,招聘信息只写了上班时间会随配车变动，但实际可能变动的时间范围不清楚。,보통,
KJBJ002607210006,zh,기타,1년 이후 상여금 50%는 기본급의 50%입니까?,工作满1年后的奖金50%是按基本工资(기본급)的50%计算吗？,招聘信息只写了满1年后奖金50%，但这50%按什么标准计算没有写清楚。,높음,
K130232607280074,zh,임금구성_불명확,수당이 포함된 금액에서 수당을 제외한 기본급은 얼마입니까?,包含津贴的金额中，扣除津贴后的基本工资(기본급)是多少？,公告只写了工资包含津贴，但没有写清扣除津贴后的工资构成。,높음,
K130232607280074,zh,사회보험_미기재,이 채용은 4대보험 가입 대상입니까?,这个岗位是四大保险(4대보험)加入对象吗？,公告里没有写是否加入社会保险，这会影响实际到手工资和保障。,높음,
K130232607280074,zh,임금_미확정,협의 가능한 임금은 얼마입니까?,可协商的工资是多少？,公告写了工资可以协商，所以需要先确认实际工资金额。,높음,
KJBM002607270001,zh,연장야간_조건미기재,휴일근무 등이 발생하면 연장·야간·휴일근로수당이 별도로 지급됩니까?,如果发生节假日工作等情况，会另外支付加班、夜间、节假日工作津贴吗？,公告写了工作时间可能因情况变化并包含节假日工作等，但没有写明是否另外支付相关津贴。,높음,
KJBM002607270001,zh,기타,채용기간이 예산범위에 따라 2026.9.1.~12.31.에서 변경될 수 있습니까?,这份固定期限合同(계약직)的聘用期间会因预算范围而在 2026.9.1.~12.31. 的基础上变更吗？,公告写了聘用期间为 2026.9.1.~12.31.，但也写了可能因预算范围而变动，所以需要先确认合同期限是否会变化。,보통,
K130042607270017,zh,사회보험_미기재,4대보험에 가입되나요?,请问可以加入四大保险(4대보험)吗？,招聘内容里没有写是否提供社会保险，这会影响实际到手工资和相关保障。,높음,
K130232607230002,zh,사회보험_미기재,4대 보험에 가입됩니까?,可以参加四大保险吗？,招聘信息里没有写明是否提供社会保险，这会影响实际到手工资和保障内容。,높음,
K130112607220029,zh,사회보험_미기재,4대보험에 가입됩니까?,请问是否提供四大保险(4대보험)？,招聘信息只写了福利项目，没有写是否加入四大保险，所以需要先确认。,높음,
K130112607220029,zh,임금_미확정,경력에 따라 산정되는 급여는 얼마입니까?,请问按经验确定的工资是多少？,招聘信息只写了“根据经验确定工资”，没有写具体金额，所以需要先确认。,높음,
KF10912607200008,zh,사회보험_미기재,이 일자리는 사회보험 가입 대상입니까?,这个岗位是社会保险参保对象吗？,招聘内容里没有写社会保险是否适用，所以需要先确认。,보통,
KF10912607200008,zh,임금_미확정,"채용 시 이 일자리의 시급은 제수당 포함 13,000원으로 확정됩니까?","录用时，这个岗位的时薪确定为含津贴(제수당 포함)13,000韩元吗？",招聘内容写着录用时每位劳动者的工资可能不同，所以需要确认这份工作的实际时薪。,높음,
KF10912607200008,zh,기타,임금은 실제 서비스 제공 기간만 기준으로 계산하여 지급합니까?,工资是只按实际提供服务的期间来计算并支付吗？,招聘内容说明工资会按实际服务提供期间计算支付，实际领取金额可能会变化。,높음,
K130232607280030,zh,사회보험_미기재,4대보험 가입이 되나요?,请问可以加入四大保险(4대보험)吗？,招聘信息里没有写是否提供社会保险，是否参保会直接影响工伤和失业保障，也会影响实发工资。,높음,
KF10922607280007,zh,사회보험_미기재,이 채용은 4대보험 가입 대상입니까?,这份工作需要参加四大保险(4대보험)吗？,招聘信息里没有写是否提供社保，需要先确认。,높음,
KF10092607220004,zh,사회보험_미기재,4대보험 가입이 됩니까?,请问可以加入四大保险(4대보험)吗？,招聘内容里没有写是否提供社会保险，实际到手工资和保障范围可能会不同。,높음,
K180512607200060,zh,수습조건_미기재,"수습기간은 몇 개월이며, 수습기간 중 임금이 감액되면 감액률은 몇 %입니까?",试用期(수습기간)是几个月，如果试用期(수습기간)工资会减少，减少比例是多少？,公告只写了完成教育门店课程后可缩短，所以需要确认试用期时长以及试用期间是否减薪。,높음,
K180512607200060,zh,사회보험_미기재,4대보험이 적용됩니까?,请问适用四大保险吗？,公告写了激励和福利，但没有写是否加入社会保险，所以需要先确认。,높음,
K180512607200060,zh,기타,휴무는 월 5회로 운영됩니까?,请问休息日是每月5次吗？,公告写了每月休息5次，最好在应聘前先确认实际休息次数。,보통,
K180512607200060,zh,기타,동계휴가는 연차 활용으로 운영됩니까?,请问冬季休假是用年假来安排吗？,公告写了冬季休假使用年假，因此需要确认这是否要用自己的年假来安排。,보통,
K180512607200060,zh,기타,교육 이수 후 입사 축하금 100만 원은 6개월 근속 시 지급됩니까?,请问完成培训后，入职祝贺金100万韩元是在工作满6个月时发放吗？,公告写了完成培训后可领取100万韩元入职祝贺金，但同时写了需工作满6个月，所以最好先确认发放条件。,높음,
K130232607280061,zh,사회보험_미기재,4대보험 가입이 됩니까?,请问提供四大保险(4대보험)吗？,招聘正文没有写是否提供社会保险，所以需要在应聘前确认。,높음,
K130232607280061,zh,기타,근무시간 변경이 있을 수 있습니까?,请问工作时间会变更吗？,招聘正文只写了“工作时间可能会变更”，但没有更具体的说明，所以需要先确认。,보통,
KJBD002607200006,zh,수습조건_미기재,수습기간 3개월 동안에도 월급은 세전 월 263만원입니까?,在3个月的试用期(수습기간)内，月工资也是税前(세전)263万韩元吗？,因为试用期工资是否按公告的税前263万韩元支付，会直接影响实际收入。,높음,
KJBD002607200006,zh,숙식공제_불명확,식비가 월급에서 공제됩니까?,餐费会从工资中扣除吗？,因为餐费是否从工资中扣除，会直接影响实际到手工资。,높음,
KJBD002607200006,zh,기타,수습기간 내 업무평가 기준을 취업규칙에서 확인할 수 있습니까?,试用期(수습기간)内的工作评估标准，能否在公司的就业规章中确认？,因为试用期内的评估和解雇条件会影响工作稳定性，需要提前确认。,보통,
KJBD002607200006,zh,기타,평일 30분 출근 시간 조정 시 출근 시간은 몇 시입니까?,平日上班时间调整30分钟时，出勤时间是几点？,因为平日实际上班时间会影响通勤安排和总工作时长，需要提前确认。,보통,
K130112607270063,zh,사회보험_미기재,이 일자리는 4대보험에 가입되는지 확인 부탁드립니다.,这份工作会加入四大保险(4대보험)吗？,招聘信息只写了法定津贴和其他福利支持，但没有明确说明是否提供四大保险，所以需要提前确认。,높음,
KF10912607270005,zh,사회보험_미기재,이 일자리는 사회보험 가입 대상입니까?,这个岗位属于社会保险参保对象吗？,招聘信息里没有写是否有社会保险，这会影响实际到手工资。,높음,
KJ20282607200009,zh,사회보험_미기재,이 채용은 4대보험 가입 대상입니까?,这个岗位提供四大保险(4대보험)吗？,招聘内容里没有写明是否加入社会保险，这会影响实际到手工资和保障。,높음,
2607250000249,zh,실근로시간_미기재,하루 소정근로시간은 몇 시간입니까?,每天的约定工作时间(소정근로시간)是几小时？,招聘内容里没有写工作时间，先确认后才能判断工资是否合适。,높음,
2607250000249,zh,사회보험_미기재,4대보험이 적용됩니까?,可以适用四大保险(4대보험)吗？,招聘内容里没有写是否有社会保险，这会影响实际到手工资和保障。,높음,
KJBB002607200001,zh,임금구성_불명확,"시급 14,000원에 포함된 제수당을 제외한 기본시급은 얼마입니까?","时薪14,000韩元中，扣除已含各项津贴(제수당 포함)后的基本时薪是多少？","公告只写了“时薪14,000韩元（含各项津贴）/有重症津贴”，没有写扣除津贴后的基本时薪。",높음,
KJBB002607200001,zh,사회보험_미기재,이 채용은 사회보험 가입 대상입니까?,这个岗位需要参加社会保险吗？,公告没有写是否适用社会保险，实际到手工资可能会因此不同。,높음,
KJBB002607200001,zh,기타,09:00~16:00 중 공단급여 외 시간의 임금은 보호자가 지급합니까?,09:00~16:00之间，公团给付以外时间的工资由监护人支付吗？,公告只写了“公团给付以外时间由监护人支付”，所以需要先确认这部分工资的支付主体。,높음,
KJBB002607200001,zh,기타,채용 시 제 소정근로시간은 몇 시간입니까?,录用后，我的约定工作时间(소정근로시간)是几小时？,公告写明每位劳动者的工作时间或工资等可能不同，所以需要先确认你自己的约定工作时间。,높음,
K130232607220028,zh,사회보험_미기재,입사하면 4대보험에 가입됩니까?,入职后会缴纳四大保险(4대보험)吗？,公告没有写明是否提供四大保险，这会影响工伤、失业给付和实际到手工资。,높음,
K130232607220028,zh,기타,현장 출장과 외근은 얼마나 자주 있습니까?,现场出差和外勤通常有多频繁？,公告只写了“现场出差、外勤很多”，但没有写具体频率，所以需要提前确认工作安排。,보통,
K130232607220028,zh,기타,가끔씩 있는 장거리 지방 출장은 얼마나 자주 있습니까?,偶尔会有的长距离外地出差通常有多频繁？,公告只写了“偶尔会有长距离外地出差”，但没有写具体频率，所以需要提前确认。,보통,
K130112607270017,zh,사회보험_미기재,사회보험 가입이 적용되는지 알려주실 수 있습니까?,请问适用社会保险吗？,招聘信息中没有写明是否适用社会保险，这会影响实际到手工资。,높음,
K130112607270017,zh,임금_미확정,"공고에 시급 13,200원 이상이라고 되어 있는데 실제 시급은 얼마입니까?","招聘信息写着时薪为13,200韩元以上，请问实际时薪是多少？","招聘信息只写了“13,200韩元以上”，没有写明最终确定的时薪金额。",높음,
K130232607240015,zh,사회보험_미기재,이 일자리는 4대보험에 가입됩니까?,这个岗位可以加入四大保险(4대보험)吗？,공告里没有写是否提供社会保险，这会影响每月实际到手工资和相关保障。,높음,
K130052607270007,zh,연장야간_조건미기재,근속 1년 경과 후 월 450만원 이상 수령이 가능한 기본 연장근무와 야간근무는 각각 월 몇 시간입니까?,工作满1年后，如果要拿到月450万韩元以上，基本加班和夜班分别每月是多少小时？,"공고에는 근속 1년 경과 및 기본 연장근무 수행 시 월 450만원 이상 가능하다고만 되어 있어, 실제 필요한 연장근무와 야간근무 시간을 확인해야 합니다.",높음,
K130052607270007,zh,사회보험_미기재,4대보험 가입이 됩니까?,是否缴纳四大保险(4대보험)？,공고에 사회보험 관련 내용이 없어 가입 여부를 미리 확인해야 합니다.,높음,
K130052607270007,zh,임금_미확정,급여는 연봉으로 얼마입니까?,工资按年薪计算是多少？,"공고에는 연봉 4,500만원 내외로 고려 중이라고만 되어 있어 확정된 금액을 확인해야 합니다.",높음,
KJBQ002607200025,zh,사회보험_미기재,4대보험 가입 여부를 확인해 주실 수 있습니까?,请问是否提供四大保险(4대보험)？,招聘信息里只写了工资和餐食提供，但没有写是否参加社会保险，这会直接影响实际到手收入和保障。,높음,
KJBQ002607200025,zh,기타,토요일·일요일 격주근무는 한 달에 몇 번 근무합니까?,请问周六、周日隔周工作一个月需要上几次班？,招聘信息写了周六、周日为隔周工作，但没有明确一个月实际需要工作几次。,보통,
KJBQ002607200025,zh,기타,당직 순환 근무는 한 달에 몇 번입니까?,请问值班轮换工作一个月有几次？,招聘信息写了值班轮换工作时间，但没有明确一个月轮到几次。,보통,
KEC0052607230009,zh,사회보험_미기재,4대보험 가입이 됩니까?,请问提供4大保险(4대보험)吗？,招聘内容里没有写是否提供社会保险，这会影响每月实际到手金额和相关保障。,높음,
KEC0052607230009,zh,임금_미확정,"월급여는 경력에 따라 협의한다고 되어 있는데, 최종 월급여는 얼마입니까?",请问按经验协商后的最终月工资是多少？,招聘内容只写了“月工资280万韩元（按经验协商）”，所以入职后的实际工资金额还不能确定。,높음,
KJBD002607160001,zh,사회보험_미기재,이 채용은 4대보험 가입이 됩니까?,这个岗位可以加入四大保险(4대보험)吗？,招聘内容里没有写是否提供社会保险，这会影响实际到手工资和保障。,높음,
KJBD002607160001,zh,기타,3개월 계약 종료 후 재연장이 확정되어 있습니까?,3个月合同结束后，续签已经确定了吗？,招聘内容只写了“3개월 계약 (계약후 재연장 검토)”，所以续签是否确定需要先确认。,보통,
K130112607230002,zh,사회보험_미기재,이 채용은 4대보험 가입이 됩니까?,这个岗位提供四大保险(4대보험)吗？,공고에 사회보험 관련 안내가 없어 가입 여부를 미리 확인할 필요가 있습니다.,높음,
K130112607230002,zh,임금_미확정,보건복지부 사회복지시설 종사자 인건비 가이드라인 준용(4호봉 이하) 기준으로 월 기본급은 얼마입니까?,按照“保健福祉部社会福利设施从业人员人工费指南准用（4号俸以下）”标准，月基本工资(기본급)是多少？,공고에는 가이드라인 준용이라고만 되어 있어 실제 급여 금액을 확인해야 합니다.,높음,
K130112607230002,zh,기타,응시자 중 적격자가 없거나 운영 상의 사유가 있는 경우 채용하지 않을 수 있습니까?,如果应聘者中没有合适人选，或者因运营上的原因，是否可能不进行录用？,공고에 채용하지 않을 수 있다고 되어 있어 채용 진행 가능성을 확인할 필요가 있습니다.,보통,
K130112607230002,zh,기타,제출한 접수서류는 반환되지 않습니까?,提交的申请材料不予退还吗？,제출서류 반환 여부가 지원 준비에 영향을 줄 수 있어 미리 확인하는 것이 좋습니다.,보통,
K130232607160024,zh,연장야간_조건미기재,야간(고정) 근무에 대한 야간수당은 별도로 지급됩니까?,固定夜班会另外支付夜班津贴吗？,招聘信息只写了有固定夜班，但没有写夜班津贴条件。,높음,
K130232607160024,zh,사회보험_미기재,단체보험과 별도로 4대보험 가입이 됩니까?,除了团体保险以外，还会加入四大保险(4대보험)吗？,招聘信息只写了团体保险由公司全额负担，没有写是否加入4大保险。,높음,
K130112607210029,zh,수습조건_미기재,"수습기간은 며칠이며, 수습기간 중 임금이 달라지면 얼마입니까?",试用期(수습기간)是几天，如果试用期(수습기간)期间工资不同，金额是多少？,公告写明面试及试用后待遇可能变动，所以需要先确认试用期天数和试用期工资。,높음,
K130112607210029,zh,사회보험_미기재,사회보험 가입이 됩니까?,会参加社会保险吗？,公告里没有写是否提供社会保险，需要提前确认。,높음,
K130112607210029,zh,기타,면접 및 수습 이후에 변동될 수 있는 근무 시간은 하루 몇 시간입니까?,面试及试用后可能变动的工作时间一天是几小时？,公告写明面试及试用后工作时间等待遇可能变动，需要先确认实际工作时间。,보통,
227873,zh,연장야간_조건미기재,"생산 일정에 따른 잔업, 특근 근무는 보통 월 몇 회입니까?",根据生产安排，加班和周末上班通常每月有几次？,加班和周末上班的次数会影响实际工作时间和收入。,높음,
227873,zh,임금_미확정,"급여가 면접 후 결정이라고 되어 있는데, 급여는 얼마입니까?",招聘信息写着工资是面试后决定(면접 후 결정)，请问工资是多少？,工资没有事先确定的话，录用后的实际收入可能会有很大差异。,높음,
KJAP002607240012,zh,사회보험_미기재,4대보험 가입이 되나요?,可以参加四大保险(4대보험)吗？,招聘信息里没有写是否提供4대보험，所以需要提前确认。,높음,
KJAP002607240012,zh,기타,격일근무는 하루 근무 후 하루 휴무가 맞습니까?,这里的隔日工作是指工作一天休息一天吗？,招聘信息只写了“격일근무”，所以需要确认具体是不是工作一天休息一天。,보통,
KJAP002607240012,zh,기타,지원 전에 신임경비교육 이수증이 꼭 필요합니까?,申请前必须已经有新任保安教育结业证吗？,招聘信息只写了“신임경비교육필수”，没有说明应聘前是否必须已完成，所以需要确认。,보통,
2607230002078,zh,실근로시간_미기재,하루 실근로시간은 몇 시간입니까?,每天的实际工作时间是多少小时？,招聘信息里没有写实际工作时间，所以需要先确认每天工作几小时。,보통,
2607230002078,zh,사회보험_미기재,이 채용은 4대보험에 가입됩니까?,这个岗位会参加四大保险(4대보험)吗？,招聘信息只写了“급여 및 4대보험 신고”，没有明确说明是否实际参加保险。,높음,
KF11472607240001,zh,사회보험_미기재,4대보험 가입 대상인지 확인해 주시겠습니까?,请问这份工作是否属于四大保险(4대보험)的参保对象？,招聘信息里没有写明是否加入社会保险，所以需要先确认。,높음,
KF11472607240001,zh,기타,15:00~19:30 근무에서 30분 휴게를 제외한 하루 소정근로시간은 4시간인지 확인해 주시겠습니까?,请问15:00~19:30这段时间里，扣除30分钟休息后，每天的约定工作时间(소정근로시간)是4小时吗？,招聘信息同时写了“15:00~19:30”和“하루4시간 근무/30분 휴게”，为避免对工作时数理解不同，需要先确认。,보통,
K130232607270072,zh,사회보험_미기재,사회보험 가입이 됩니까?,会参加社会保险吗？,招聘内容没有写明是否参加社会保险，所以需要提前确认。,높음,
K130232607270072,zh,임금_미확정,월급은 면접 후 협의 시 얼마로 결정됩니까?,月薪在面试后协商（면접 후 협의）时会定为多少？,招聘内容只写了“月350以上”和面试后协商，所以实际月薪没有明确确定。,높음,
K130232607270072,zh,기타,상여금은 면접 후 협의 시 얼마로 결정됩니까?,奖金在面试后协商（면접 후 협의）时会定为多少？,招聘内容只写了奖金面试后协商，所以奖金金额没有明确写明。,높음,
KJ20282607220003,zh,사회보험_미기재,사회보험에 가입됩니까?,会缴纳社会保险吗？,招聘信息里没有写是否提供社会保险，这会影响实际到手工资和工作条件。,높음,
K130112607200051,zh,사회보험_미기재,4대보험이 적용됩니까?,请问可以参加四大保险(4대보험)吗？,招聘内容里没有写社会保险，所以需要在应聘前确认是否提供。,높음,
K130042607150016,zh,사회보험_미기재,이 채용은 4대보험 가입 대상입니까?,这个岗位是否提供四大保险(4대보험)？,招聘内容里没有写明是否加入社会保险，这会影响实际到手工资和保障。,높음,
KJBK002607230006,zh,임금구성_불명확,월급 355만원에 포함된 전기선임수당은 얼마입니까?,包含在月薪355万韩元里的电气负责人津贴是多少？,公告写明月薪355万韩元，另有奖金和抄表津贴，且电气负责人津贴包含在内，但这项已包含的津贴金额没有写明。,높음,
KJBK002607230006,zh,사회보험_미기재,사회보험 가입이 됩니까?,可以参加社会保险吗？,公告里没有写是否提供社会保险，所以需要先确认。,높음,
K130232607200060,zh,수습조건_미기재,수습기간 3개월 동안 임금이 감액되면 감액률은 몇 퍼센트입니까?,3个月试用期(수습기간)内如果工资会减少，减薪比例是多少？,招聘信息只写了试用期3个月，但没有写试用期内工资是否会减少以及减少多少。,높음,
K130232607200060,zh,사회보험_미기재,사회보험에 가입됩니까?,会参加社会保险吗？,招聘信息里没有写是否提供社会保险，这会影响实际到手收入。,높음,
K130232607200060,zh,임금_미확정,연봉은 얼마입니까?,年薪是多少？,招聘信息只写了面试时可协商年薪，因此正式工资金额还没有确定。,높음,
K130052607210005,zh,수습조건_미기재,수습기간 3개월 동안 임금 감액이 있으면 감액률은 몇 %입니까?,3个月试用期(수습기간)内如果工资会减少，减薪比例是多少？,招聘信息只写了试用期为3个月，没有写试用期内工资是否会减少以及减少多少。,높음,
K130052607210005,zh,사회보험_미기재,사회보험 가입이 됩니까?,可以参加社会保险吗？,招聘信息里没有写是否提供社会保险，这会影响每月实际到手工资。,높음,
K130052607210005,zh,임금_미확정,"월급 2,156,880원~으로 되어 있는데 정확한 월급은 얼마입니까?","招聘信息写的是月薪2,156,880韩元起，实际确定的月薪是多少？","招聘信息只写了月薪从2,156,880韩元起，没有写最终确定的具体金额。",높음,
K130052607210005,zh,기타,재직 6개월 이후부터 지급되는 상여금 300%는 월급의 300%입니까?,工作满6个月后发放的300%奖金，是按月薪的300%计算吗？,招聘信息写了工作满6个月后发放300%奖金，但奖金的计算 기준이 분명하지 않습니다.,높음,
K130232607220049,zh,사회보험_미기재,4대보험이 적용됩니까?,请问适用四大保险(4대보험)吗？,招聘内容里没有写社会保险相关信息，所以需要在应聘前确认。,높음,
2607280004514,zh,실근로시간_미기재,소정근로시간은 주 몇 시간입니까?,约定工作时间(소정근로시간)每周是几小时？,每周工作时间没有写明，不容易准确判断工作强度和工资水平。,보통,
2607280004514,zh,사회보험_미기재,4대보험 가입이 됩니까?,是否提供四大保险(4대보험)？,社会保险是否提供没有写明，会影响实际到手工资和保险保障。,높음,
K130232607280072,zh,사회보험_미기재,사회보험은 가입됩니까?,提供社会保险吗？,招聘内容里没有写社会保险是否提供，所以需要先确认。,높음,
K130232607280072,zh,기타,계약직은 계약 기간 종료 후 재계약이 가능합니까?,这份固定期限岗位(계약직)在合同期满后可以续签吗？,招聘内容里只写了是合同制，没有说明合同结束后是否可以续签，所以需要确认。,보통,
K130112607270038,zh,임금구성_불명확,"시급 13,000원에 포함된 제세수당은 얼마입니까?","时薪13,000韩元里已包含的各项津贴(제수당 포함)金额是多少？","招聘信息只写了“时薪13,000韩元（最低时薪+各项津贴）”，所以需要确认其中津贴占多少。",높음,
K130112607270038,zh,사회보험_미기재,사회보험이 적용됩니까?,这份工作适用社会保险吗？,招聘正文没有写社会保险相关内容，所以需要提前确认是否适用。,높음,
K130042607270020,zh,연장야간_조건미기재,공휴일 근무 시 휴일근로수당이 별도로 있습니까?,法定节假日上班时，另有节假日工作津贴吗？,招聘信息写了“法定节假日必须上班”，但没有说明是否另外支付节假日工作的津贴。,높음,
K130042607270020,zh,사회보험_미기재,4대보험 가입이 됩니까?,可以加入四大保险(4대보험)吗？,招聘信息没有写明是否提供社会保险，需要先确认能否加入。,높음,
K130112607270067,zh,사회보험_미기재,이 일자리는 4대보험에 가입됩니까?,这个岗位会缴纳四大保险(4대보험)吗？,招聘内容里没有写明是否缴纳社会保险，所以需要在应聘前先确认。,높음,
KF10112607280002,zh,임금구성_불명확,"시급 13,000원에서 제수당 포함을 제외한 기본 시급은 얼마입니까?","时薪13,000韩元中扣除已包含各项津贴(제수당 포함)后，基本时薪是多少？","公告只写了时薪13,000韩元并注明已含津贴，所以需要确认不含津贴的基本时薪。",높음,
KF10112607280002,zh,사회보험_미기재,사회보험 가입 여부를 알려주실 수 있습니까?,请问是否提供社会保险？,公告没有写社会保险是否适用，所以需要提前确认。,높음,
KF10112607280002,zh,기타,돌봄 대상이 4등급 70대 할머니 한 분만 맞습니까?,请问照护对象只有1位，是70多岁的4级老奶奶吗？,公告写了夫妻同住，所以需要确认是否只照护一位老人。,보통,
KF10112607280002,zh,기타,근무 중 작은 강아지와 같은 공간에 있게 됩니까?,请问工作时会和小型犬在同一个空间吗？,公告写了有小狗，所以需要提前确认工作时是否会接触到它。,보통,
K130112607290006,zh,사회보험_미기재,4대보험 가입이 됩니까?,会加入四大保险(4대보험)吗？,채용공고 본문에 사회보험 가입 여부가 적혀 있지 않아서 미리 확인이 필요합니다.,높음,
226565,zh,연장야간_조건미기재,해외 시차를 고려한 연장근로나 야간근로가 있습니까?,是否会因海外时差安排加班或夜班？,招聘信息提到要考虑海外时差，但没有写明是否会安排加班或夜班，所以需要先确认。,높음,
226565,zh,사회보험_미기재,사회보험이 적용됩니까?,是否适用社会保险？,招聘信息没有写明是否有社会保险，这会影响实际到手收入，所以需要先确认。,높음,
226565,zh,임금_미확정,퇴직금을 제외한 급여는 얼마입니까?,不含离职补偿金(퇴직금)的工资是多少？,招聘信息只写了面试时协商工资，没有写明具体金额，所以需要先确认。,높음,
226565,zh,기타,입사 후 3개월 시용계약 뒤 정규직 전환 평가가 있습니까?,入职后是否先签3个月试用合同，并在之后评估是否转为正式员工？,招聘信息写了3个月试用和转正评估，这会影响雇佣稳定性，所以最好先确认。,보통,
226565,zh,기타,연봉계약은 1년단위입니까?,年薪合同是否按1年为单位签订？,招聘信息写了1年单位的年薪合同，合同周期会影响续约安排，所以最好先确认。,보통,
K141412607200003,zh,사회보험_미기재,4대보험 가입이 되나요?,请问是否加入四大保险(4대보험)？,招聘信息里没有写社会保险，是否参保会影响实际到手工资和基本保障。,높음,
227611,zh,연장야간_조건미기재,추가 근무가 있으면 연장근로 또는 야간근로 수당이 지급됩니까?,如果有额外工作，会支付加班费或夜间津贴吗？,招聘信息只写了额外工作需要在面试时询问，没有写明是否支付相关津贴。,높음,
227611,zh,사회보험_미기재,사회보험 가입이 됩니까?,会办理社会保险吗？,招聘信息写了午餐等福利，但没有写明是否办理社会保险。,높음,
227611,zh,기타,3개월 계약직은 기간 종료 후 갱신이 가능합니까?,这个3个月的固定期限合同(계약직)在期满后可以续签吗？,招聘信息只写了3个月合同并注明可转正，但没有写明期满后是否可以续签。,보통,
KF11472607200003,zh,사회보험_미기재,4대보험 가입이 됩니까?,请问可以加入四大保险(4대보험)吗？,招聘信息里没有写是否提供社会保险，这会影响实际到手工资和保障。,높음,
227609,zh,수습조건_미기재,수습 3개월 동안 임금이 감액되면 감액률은 몇 %입니까?,3个月的试用期(수습기간)内，如果工资减少，减幅是多少？,招聘信息只写了有3个月试用期，没有写试用期内工资是否会减少以及减少多少。,높음,
227609,zh,임금_미확정,"급여가 면접 후 결정이라고 되어 있는데, 급여는 얼마입니까?",招聘信息写的是面试后决定(면접 후 결정)，请问工资是多少？,招聘信息没有写明确定的工资金额，所以需要在应聘前先确认。,높음,
K130112607160030,zh,사회보험_미기재,이 채용은 4대보험이 적용됩니까?,这份工作适用四大保险(4대보험)吗？,招聘正文没有写明是否提供社会保险，需在应聘前确认。,높음,
